City_ID,City,Lat,Lng,Max Temp,Humidity,Cloudiness,Wind Speed,Country,Date,Rain inches (last 3 hrs),Snow inches (last 3 hrs)
0,Comodoro Rivadavia,-45.87,-67.5,59.0,50,69,27.51,AR,2020-04-05 02:56:20,0,0
1,East London,-33.02,27.91,71.89,65,0,12.19,ZA,2020-04-05 03:08:00,0,0
2,Rikitea,-23.12,-134.97,75.63,77,8,18.41,PF,2020-04-05 03:08:00,0,0
3,Flin Flon,54.77,-101.86,12.72,93,99,4.14,CA,2020-04-05 03:07:01,0,0
4,Barrow,71.29,-156.79,17.6,78,90,12.75,US,2020-04-05 03:08:01,0,0
5,Vila Velha,-20.33,-40.29,77.0,69,90,8.05,BR,2020-04-05 02:55:10,0,0
6,Albany,42.6,-73.97,53.6,66,75,5.82,US,2020-04-05 03:08:01,0,0
7,Plaster Rock,46.91,-67.39,39.2,60,90,3.36,CA,2020-04-05 02:59:22,0,0
8,Dunedin,-45.87,170.5,61.0,74,85,19.04,NZ,2020-04-05 02:56:04,0,0
9,Nouadhibou,20.93,-17.03,68.0,88,75,16.11,MR,2020-04-05 02:59:23,0,0
10,Yellowknife,62.46,-114.35,14.0,51,20,6.31,CA,2020-04-05 03:08:02,0,0
11,Richards Bay,-28.78,32.04,69.13,86,7,15.17,ZA,2020-04-05 03:08:02,0,0
12,Ca Mau,9.18,105.15,91.53,47,43,15.28,VN,2020-04-05 02:56:59,0,0
13,Port Alfred,-33.59,26.89,64.99,92,2,7.0,ZA,2020-04-05 03:08:02,0,0
14,Chokurdakh,70.63,147.92,3.9,90,0,10.71,RU,2020-04-05 03:08:03,0,0
15,Cape Town,-33.93,18.42,60.8,100,99,5.82,ZA,2020-04-05 03:06:59,0,0
16,Broome,42.25,-75.83,48.99,81,90,5.82,US,2020-04-05 02:59:26,0,0
17,Ushuaia,-54.8,-68.3,39.2,86,20,9.17,AR,2020-04-05 03:08:03,0,0
18,Huangnihe,43.56,128.02,39.09,49,0,15.14,CN,2020-04-05 02:59:27,0,0
19,Palmer,42.16,-72.33,50.0,71,90,4.7,US,2020-04-05 03:08:04,0,0
20,Wooster,40.81,-81.94,59.0,71,90,1.52,US,2020-04-05 02:59:28,0,0
21,Padang,-0.95,100.35,80.29,79,100,5.1,ID,2020-04-05 02:59:28,1.13,0
22,Ribeira Grande,38.52,-28.7,58.51,76,14,9.24,PT,2020-04-05 03:08:05,0,0
23,Tazovskiy,67.47,78.7,34.27,96,100,19.93,RU,2020-04-05 03:08:05,0,0
24,Itarema,-2.92,-39.92,77.76,89,100,4.23,BR,2020-04-05 03:08:05,0.82,0
25,Senno,59.53,33.92,29.88,91,97,7.81,RU,2020-04-05 02:59:29,0,0
26,Sitka,57.05,-135.33,42.8,56,75,12.75,US,2020-04-05 03:04:46,0,0
27,Serebryansk,49.69,83.29,35.6,93,9,1.81,KZ,2020-04-05 02:59:30,0,0
28,Port Lincoln,-34.73,135.87,63.64,67,88,17.67,AU,2020-04-05 03:08:06,0.27,0
29,Timmins,48.47,-81.33,35.6,100,90,5.82,CA,2020-04-05 02:58:52,0,0
30,Georgetown,5.41,100.34,86.0,79,20,4.7,MY,2020-04-05 03:06:10,0,0
31,San Andres,12.58,-81.7,82.4,74,20,11.41,CO,2020-04-05 02:54:50,0,0
32,Hermanus,-34.42,19.23,60.01,92,99,3.0,ZA,2020-04-05 03:08:07,0,0
33,Tautira,-17.73,-149.15,87.8,70,88,9.17,PF,2020-04-05 03:08:07,0.29,0
34,Nikolskoye,59.7,30.79,28.4,74,0,4.47,RU,2020-04-05 03:08:07,0,0
35,Mount Gambier,-37.83,140.77,59.0,82,75,21.92,AU,2020-04-05 03:08:07,0,0
36,Plettenberg Bay,-34.05,23.37,63.57,73,22,4.68,ZA,2020-04-05 02:59:32,0,0
37,Kapaa,22.08,-159.32,80.6,78,75,12.75,US,2020-04-05 03:08:08,0,0
38,Airai,-8.93,125.41,74.95,45,11,2.28,TL,2020-04-05 03:08:08,0,0
39,Vaini,-21.2,-175.2,78.8,74,75,6.93,TO,2020-04-05 03:08:08,0,0
40,Butaritari,3.07,172.79,83.89,74,90,8.34,KI,2020-04-05 03:08:09,0.32,0
41,Tigzirt,36.89,4.12,55.85,67,74,9.24,DZ,2020-04-05 02:59:33,0,0
42,Rawson,-43.3,-65.1,58.44,40,0,19.26,AR,2020-04-05 03:08:09,0,0
43,Norman Wells,65.28,-126.83,17.6,72,75,11.41,CA,2020-04-05 03:08:09,0,0
44,Lavrentiya,65.58,-171.0,13.77,95,100,13.06,RU,2020-04-05 03:08:09,0,1.18
45,Tokmak,47.25,35.71,41.18,65,21,8.77,UA,2020-04-05 02:59:33,0,0
46,Chuy,-33.7,-53.46,62.62,77,0,6.98,UY,2020-04-05 03:08:10,0,0
47,Kinna,57.51,12.69,42.01,93,90,5.82,SE,2020-04-05 02:59:34,0,0
48,Qaanaaq,77.48,-69.36,12.31,77,100,6.89,GL,2020-04-05 03:08:10,0,0
49,Ranong,9.97,98.63,89.6,62,20,4.7,TH,2020-04-05 02:56:25,0,0
50,Cidreira,-30.18,-50.21,66.81,71,0,6.53,BR,2020-04-05 03:08:11,0,0
51,Katsuura,35.13,140.3,62.01,71,75,19.46,JP,2020-04-05 03:08:11,0,0
52,Culiacan,24.8,-107.39,73.4,53,90,1.34,MX,2020-04-05 02:58:48,0,0
53,Sao Paulo De Olivenca,-3.38,-68.87,76.21,84,99,0.51,BR,2020-04-05 02:59:35,0,0
54,Busselton,-33.65,115.33,66.99,43,100,10.09,AU,2020-04-05 03:08:11,0,0
55,Bredasdorp,-34.53,20.04,55.4,93,98,3.36,ZA,2020-04-05 03:08:12,0,0
56,Petropavlovsk-Kamchatskiy,53.05,158.65,39.2,32,59,6.71,RU,2020-04-05 03:08:12,0,0
57,Bensonville,6.45,-10.61,78.3,90,11,3.65,LR,2020-04-05 02:59:36,0,0
58,Ngawi,-7.4,111.45,85.08,74,74,4.74,ID,2020-04-05 02:59:36,0.12,0
59,Jamestown,42.1,-79.24,48.2,75,1,0.81,US,2020-04-05 03:08:13,0,0
60,Puerto Ayora,-0.74,-90.35,80.01,84,10,1.99,EC,2020-04-05 03:08:13,0,0
61,Dikson,73.51,80.55,17.37,97,100,9.06,RU,2020-04-05 03:08:13,0,1.04
62,Punta Arenas,-53.15,-70.92,41.0,86,75,31.09,CL,2020-04-05 03:08:13,0,0
63,Nelson Bay,-32.72,152.15,75.99,43,0,18.34,AU,2020-04-05 02:59:37,0,0
64,Pevek,69.7,170.31,-0.08,92,100,11.16,RU,2020-04-05 03:08:14,0,0.15
65,Andenes,69.31,16.12,26.6,53,74,16.11,NO,2020-04-05 03:08:14,0,0.76
66,Avarua,-21.21,-159.78,82.4,83,100,14.99,CK,2020-04-05 03:08:14,2.78,0
67,Bethel,41.37,-73.41,52.0,61,90,4.43,US,2020-04-05 03:08:15,0,0
68,Geraldton,-28.77,114.6,81.0,54,54,5.82,AU,2020-04-05 02:59:39,0,0
69,Clyde River,70.47,-68.59,3.2,84,1,21.92,CA,2020-04-05 03:08:15,0,0
70,Khani,41.96,42.96,44.6,93,40,8.05,GE,2020-04-05 02:59:39,0,0
71,New Norfolk,-42.78,147.06,51.8,53,75,19.46,AU,2020-04-05 03:08:15,0,0
72,Esperance,-33.87,121.9,62.6,59,98,8.05,AU,2020-04-05 03:08:16,0,0
73,Ilulissat,69.22,-51.1,14.0,40,0,16.11,GL,2020-04-05 03:08:16,0,0
74,Saint-Philippe,-21.36,55.77,73.4,69,21,5.82,RE,2020-04-05 03:08:16,0,0
75,Mataura,-46.19,168.86,69.01,55,97,5.01,NZ,2020-04-05 03:08:16,0,0
76,Guerrero Negro,27.98,-114.06,59.83,74,1,13.76,MX,2020-04-05 02:59:40,0,0
77,Cherskiy,68.75,161.3,2.57,89,49,5.39,RU,2020-04-05 03:08:17,0,0
78,Salalah,17.02,54.09,77.0,78,40,4.7,OM,2020-04-05 03:05:38,0,0
79,Penzance,50.12,-5.54,51.8,81,68,19.46,GB,2020-04-05 02:59:41,0,0
80,Mar Del Plata,-38.0,-57.56,64.0,93,5,7.0,AR,2020-04-05 03:05:56,0,0
81,Cotonou,6.37,2.42,80.98,81,99,6.96,BJ,2020-04-05 02:59:42,0,0
82,Atuona,-9.8,-139.03,82.11,74,18,13.42,PF,2020-04-05 03:08:17,0,0
83,Kavaratti,10.57,72.64,83.16,70,100,3.85,IN,2020-04-05 03:08:18,0,0
84,Bathsheba,13.22,-59.52,78.8,83,20,12.75,BB,2020-04-05 03:08:18,0,0
85,Palembang,-2.92,104.75,82.4,88,75,3.36,ID,2020-04-05 02:59:43,0,0
86,Lebu,-37.62,-73.65,54.43,75,0,14.79,CL,2020-04-05 03:08:19,0,0
87,Rocha,-34.48,-54.33,57.24,87,0,4.72,UY,2020-04-05 03:08:19,0,0
88,Ustye,59.63,39.74,28.11,93,65,6.64,RU,2020-04-05 02:59:44,0,0
89,Victoria,22.29,114.16,66.0,88,40,10.29,HK,2020-04-05 03:04:14,0,0
90,Kaitangata,-46.28,169.85,61.0,76,89,1.01,NZ,2020-04-05 03:08:19,0,0
91,Nevelsk,46.67,141.86,33.8,90,75,11.18,RU,2020-04-05 02:59:44,0,0
92,Nome,64.5,-165.41,33.8,97,90,13.87,US,2020-04-05 03:08:20,0,0
93,Bandar-E Anzali,37.47,49.46,52.41,84,97,1.54,IR,2020-04-05 02:59:45,0,0
94,Rockport,28.02,-97.05,68.0,88,90,18.34,US,2020-04-05 02:59:45,0,0
95,Hofn,64.25,-15.21,27.64,95,100,48.21,IS,2020-04-05 03:08:21,0,3.97
96,Souillac,-20.52,57.52,77.0,78,40,3.36,MU,2020-04-05 03:08:21,0,0
97,Placerville,38.73,-120.8,53.6,87,90,10.29,US,2020-04-05 02:59:48,0,0
98,Rock Sound,24.9,-76.2,74.25,53,33,4.7,BS,2020-04-05 03:08:21,0,0
99,Bluff,-46.6,168.33,69.01,55,100,5.01,NZ,2020-04-05 03:08:21,0,0
100,Bima,-8.47,118.72,88.09,66,8,3.27,ID,2020-04-05 02:59:49,0.44,0
101,Mahebourg,-20.41,57.7,77.0,78,40,3.36,MU,2020-04-05 03:08:22,0,0
102,Margate,51.38,1.39,51.01,81,0,6.93,GB,2020-04-05 02:59:50,0,0
103,Praia Da Vitoria,38.73,-27.07,55.4,71,40,10.96,PT,2020-04-05 02:59:50,0,0
104,Hobyo,5.35,48.53,81.45,75,37,12.39,SO,2020-04-05 03:08:23,0,0
105,Vilcun,-38.65,-72.23,46.4,87,8,1.12,CL,2020-04-05 02:59:51,0,0
106,Carnarvon,-24.87,113.63,80.6,61,66,14.99,AU,2020-04-05 03:08:23,0,0
107,Altay,47.87,88.12,46.89,34,0,2.21,CN,2020-04-05 02:59:51,0,0
108,Odweyne,9.41,45.06,71.49,32,87,8.37,SO,2020-04-05 02:59:52,0,0
109,Gari,59.43,62.35,34.9,95,100,4.52,RU,2020-04-05 02:59:52,0,0
110,Vestmannaeyjar,63.44,-20.27,28.89,96,100,19.91,IS,2020-04-05 03:08:24,0,1.76
111,Nuuk,64.18,-51.72,24.01,53,38,18.99,GL,2020-04-05 03:08:24,0,0
112,Camacha,33.08,-16.33,66.2,82,40,18.34,PT,2020-04-05 03:08:24,0,0
113,Mundo Novo,-11.86,-40.47,72.7,59,14,0.31,BR,2020-04-05 02:59:53,0,0
114,Ugoofaaru,5.67,73.0,84.49,64,100,4.34,MV,2020-04-05 02:59:53,0,0
115,Sinnamary,5.38,-52.95,80.17,80,95,13.78,GF,2020-04-05 02:59:53,0,0
116,Mozarlandia,-14.74,-50.57,76.05,80,6,3.78,BR,2020-04-05 03:08:25,0.2,0
117,Rosarito,32.33,-117.03,62.6,76,90,13.87,MX,2020-04-05 02:59:54,0,0
118,Marsh Harbour,26.54,-77.06,73.38,48,35,3.36,BS,2020-04-05 03:08:25,0,0
119,Beloha,-25.17,45.05,68.79,79,100,14.97,MG,2020-04-05 02:59:55,0,0
120,Ardabil,38.25,48.29,39.52,52,49,2.19,IR,2020-04-05 02:59:55,0,0
121,Arraial Do Cabo,-22.97,-42.03,75.65,71,13,11.36,BR,2020-04-05 03:04:09,0,0
122,Nanortalik,60.14,-45.24,25.68,82,96,29.55,GL,2020-04-05 03:08:26,0,0.25
123,Provideniya,64.38,-173.3,15.01,94,100,20.78,RU,2020-04-05 03:08:27,0,0.75
124,San Diego,32.72,-117.16,62.6,67,90,6.93,US,2020-04-05 02:56:40,0,0
125,Ler,8.3,30.14,78.57,47,72,1.79,SS,2020-04-05 02:59:56,0,0
126,Pangai,-19.8,-174.35,78.62,78,100,17.11,TO,2020-04-05 02:59:57,0.17,0
127,Hithadhoo,-0.6,73.08,81.28,79,98,9.28,MV,2020-04-05 03:08:27,2.87,0
128,Mangaluru,12.87,74.88,85.62,63,66,2.08,IN,2020-04-05 02:56:02,0,0
129,Koungheul,13.98,-14.8,81.61,22,0,14.32,SN,2020-04-05 02:59:59,0,0
130,Alekseyevka,50.63,38.69,35.4,78,0,6.46,RU,2020-04-05 02:59:59,0,0
131,Vila Franca Do Campo,37.72,-25.43,59.0,82,40,4.7,PT,2020-04-05 03:08:28,0,0
132,Avera,33.19,-82.53,62.6,63,1,3.36,US,2020-04-05 03:08:29,0,0
133,Shimoda,34.67,138.95,64.4,67,20,3.36,JP,2020-04-05 03:08:29,0,0
134,Praya,14.92,-23.51,71.6,78,40,17.22,CV,2020-04-05 03:00:01,0,0
135,Severo-Kurilsk,50.68,156.12,31.59,91,45,5.3,RU,2020-04-05 03:08:29,0,0
136,Taoudenni,22.68,-3.98,77.22,16,0,9.1,ML,2020-04-05 03:08:29,0,0
137,Gat,31.61,34.76,80.6,19,20,20.8,IL,2020-04-05 03:07:05,0,0
138,Umm Kaddadah,13.6,26.69,76.75,12,95,13.02,SD,2020-04-05 03:00:04,0,0
139,Hobart,-42.88,147.33,51.8,53,75,19.46,AU,2020-04-05 03:06:11,0,0
140,Rorvik,64.86,11.24,29.62,88,100,2.3,NO,2020-04-05 03:00:06,0,0.12
141,Kvitok,56.07,98.48,39.27,63,0,6.73,RU,2020-04-05 03:00:06,0,0
142,Thompson,55.74,-97.86,14.0,85,75,4.7,CA,2020-04-05 03:08:30,0,0
143,Jalu,29.03,21.55,59.18,72,6,11.81,LY,2020-04-05 03:00:07,0,0
144,Weymouth,42.22,-70.94,44.01,86,75,5.82,US,2020-04-05 03:00:07,0,0
145,San Roque,36.21,-5.38,60.8,82,95,19.46,ES,2020-04-05 03:08:31,0,0
146,Vao,-22.67,167.48,78.03,79,15,21.34,NC,2020-04-05 03:00:09,0.17,0
147,Lasa,46.62,10.7,42.01,51,5,5.82,IT,2020-04-05 03:08:32,0,0
148,Williams Lake,52.14,-122.14,30.2,30,75,3.36,CA,2020-04-05 02:59:54,0,0
149,Qandala,11.47,49.87,79.38,67,30,9.46,SO,2020-04-05 03:00:11,0,0
150,Lata,40.16,-8.33,59.0,82,40,16.11,PT,2020-04-05 03:08:32,0,0
151,Fortuna,40.6,-124.16,53.01,87,90,10.29,US,2020-04-05 03:08:32,0,0
152,Jhang,33.67,72.7,68.0,72,20,4.7,PK,2020-04-05 03:00:12,0,0
153,Namibe,-15.2,12.15,72.46,74,4,7.31,AO,2020-04-05 03:00:12,0,0
154,Belmonte,-15.86,-38.88,80.6,78,75,5.82,BR,2020-04-05 03:00:12,0,0
155,Torbay,47.67,-52.73,28.0,92,90,8.05,CA,2020-04-05 03:05:15,0,0
156,Port Moresby,-9.44,147.18,87.8,58,20,17.22,PG,2020-04-05 03:00:14,0,0
157,Ponta Do Sol,32.67,-17.1,66.2,77,75,4.7,PT,2020-04-05 03:08:33,0,0
158,Tasiilaq,65.61,-37.64,15.8,31,2,8.05,GL,2020-04-05 03:08:34,0,0
159,Lagoa,39.05,-27.98,57.9,74,17,10.51,PT,2020-04-05 03:08:34,0.35,0
160,Bengkulu,-3.8,102.27,79.86,79,100,2.19,ID,2020-04-05 03:08:34,0,0
161,Tacoronte,28.48,-16.41,66.99,93,20,5.82,ES,2020-04-05 02:55:32,0,0
162,Reftinskiy,57.09,61.68,35.6,100,75,6.71,RU,2020-04-05 02:57:51,0,0
163,Saskylakh,71.92,114.08,15.44,94,54,13.02,RU,2020-04-05 03:08:34,0,0
164,Tuatapere,-46.13,167.68,69.01,55,100,5.01,NZ,2020-04-05 03:08:35,0,0
165,Mantua,45.17,10.78,51.01,52,8,4.7,IT,2020-04-05 02:56:26,0,0
166,Cayenne,4.93,-52.33,80.6,78,75,6.93,GF,2020-04-05 03:08:35,0,0
167,Los Llanos De Aridane,28.66,-17.92,68.0,68,20,5.82,ES,2020-04-05 03:08:35,0,0
168,Bari,41.12,16.85,57.0,82,79,8.05,IT,2020-04-05 03:00:20,0,0
169,Yar-Sale,66.83,70.83,34.5,98,100,15.75,RU,2020-04-05 03:08:36,0.14,0
170,Phon,15.82,102.6,90.97,43,1,9.42,TH,2020-04-05 03:00:21,0,0
171,Macomer,40.26,8.77,41.0,93,0,2.24,IT,2020-04-05 03:00:21,0,0
172,Marsassoum,12.83,-15.98,73.4,78,0,2.24,SN,2020-04-05 03:00:21,0,0
173,Shajapur,23.43,76.27,85.05,12,0,11.12,IN,2020-04-05 03:00:21,0,0
174,Upernavik,72.79,-56.15,9.7,79,0,9.55,GL,2020-04-05 03:08:37,0,0
175,Verkhnevilyuysk,63.45,120.32,20.12,92,58,12.57,RU,2020-04-05 03:08:37,0,0
176,Sergiyevsk,53.94,51.16,39.22,85,80,5.28,RU,2020-04-05 03:00:24,0,0
177,Onalaska,43.88,-91.24,35.6,69,1,3.36,US,2020-04-05 03:00:24,0,0
178,Christchurch,-43.53,172.63,66.99,68,0,17.22,NZ,2020-04-05 03:05:26,0,0
179,Marawi,8.0,124.29,83.62,41,2,5.59,PH,2020-04-05 03:08:38,0,0
180,Egvekinot,66.32,-179.17,2.16,88,100,18.45,RU,2020-04-05 03:00:25,0,0.41
181,Dubbo,-32.25,148.62,66.2,55,75,13.87,AU,2020-04-05 03:00:25,0,0
182,Axim,4.87,-2.24,80.53,82,89,5.35,GH,2020-04-05 03:00:25,0.4,0
183,Bocaiuva,-17.11,-43.81,75.2,83,10,0.49,BR,2020-04-05 03:00:25,1.43,0
184,Hamilton,39.18,-84.53,62.01,71,75,9.17,US,2020-04-05 03:08:25,0,0
185,Okhotsk,59.38,143.3,20.1,87,15,3.2,RU,2020-04-05 03:08:39,0,0
186,Udachnyy,66.42,112.4,24.8,79,90,11.18,RU,2020-04-05 03:08:39,0,0
187,Hilo,19.73,-155.09,78.8,74,90,11.41,US,2020-04-05 03:08:39,0,0
188,Havoysund,71.0,24.66,24.8,85,100,24.16,NO,2020-04-05 03:00:26,0,0
189,Kodiak,57.79,-152.41,55.4,30,20,3.36,US,2020-04-05 03:08:40,0,0
190,Tongren,27.72,109.19,54.0,68,100,3.04,CN,2020-04-05 02:56:14,0,0
191,Sembakung,3.82,117.25,89.2,62,6,2.86,ID,2020-04-05 02:56:16,0.83,0
192,Champerico,14.3,-91.92,81.77,76,1,8.1,GT,2020-04-05 03:00:27,0.12,0
193,Berlevag,70.86,29.09,28.71,94,100,18.5,NO,2020-04-05 03:00:28,0,1.52
194,Hambantota,6.12,81.12,82.4,94,20,4.7,LK,2020-04-05 03:08:41,0,0
195,Touros,-5.2,-35.46,78.8,94,20,3.36,BR,2020-04-05 03:05:54,0,0
196,Ceres,37.59,-120.96,60.8,55,90,9.17,US,2020-04-05 02:58:51,0,0
197,Russell,32.35,-85.2,68.0,77,90,3.29,US,2020-04-05 03:00:28,0,0
198,Sakakah,29.97,40.21,62.6,29,24,11.41,SA,2020-04-05 03:00:29,0,0
199,Fukue,32.69,128.84,55.4,50,40,14.99,JP,2020-04-05 03:08:41,0,0
200,Komsomolskiy,40.43,71.72,59.0,62,67,4.7,UZ,2020-04-05 03:00:29,0,0
201,Atar,20.52,-13.05,70.75,27,0,5.35,MR,2020-04-05 03:08:42,0,0
202,Namatanai,-3.67,152.43,83.71,69,3,7.63,PG,2020-04-05 03:00:31,0.64,0
203,Castro,-24.79,-50.01,54.61,61,0,3.58,BR,2020-04-05 03:08:42,0,0
204,Pokrovsk,48.28,37.18,38.48,66,0,6.35,UA,2020-04-05 03:00:31,0,0
205,Tulua,4.08,-76.2,77.0,73,20,13.87,CO,2020-04-05 02:58:23,0,0
206,Hohhot,40.81,111.65,51.8,18,100,6.71,CN,2020-04-05 03:00:32,0,0
207,Akyab,20.15,92.9,83.53,64,2,4.63,MM,2020-04-05 03:00:32,0,0
208,San Patricio,19.22,-104.7,75.2,78,40,11.41,MX,2020-04-05 03:08:43,0,0
209,Henties Bay,-22.12,14.28,60.01,93,13,3.31,NA,2020-04-05 03:08:43,0,0
210,Lingao,19.91,109.69,76.46,81,86,15.35,CN,2020-04-05 03:00:33,0.45,0
211,Atambua,-9.11,124.89,82.99,63,0,3.53,ID,2020-04-05 03:00:33,0,0
212,Hami,42.8,93.45,62.29,16,29,1.68,CN,2020-04-05 03:08:44,0,0
213,Batticaloa,7.71,81.69,84.31,71,95,6.8,LK,2020-04-05 03:08:44,0,0
214,Amazar,53.86,120.88,34.88,68,99,11.56,RU,2020-04-05 03:00:34,0,0.12
215,Ambon,-3.7,128.18,91.4,63,40,5.82,ID,2020-04-05 03:00:34,0,0
216,Smirnykh,49.75,142.83,35.73,78,33,5.68,RU,2020-04-05 03:00:35,0,0
217,Baiquan,47.58,126.08,42.49,42,0,6.35,CN,2020-04-05 03:00:35,0,0
218,Faanui,-16.48,-151.75,83.57,72,13,6.44,PF,2020-04-05 03:08:45,0,0
219,Odienne,9.51,-7.57,81.93,54,2,6.04,CI,2020-04-05 03:00:37,0,0
220,Astoria,46.19,-123.83,46.99,75,90,4.7,US,2020-04-05 03:00:02,0,0
221,Fort Nelson,58.81,-122.7,26.6,42,75,5.82,CA,2020-04-05 03:08:46,0,0
222,Klaksvik,62.23,-6.59,44.6,93,100,21.92,FO,2020-04-05 03:08:46,0,0
223,Nadym,65.53,72.52,34.5,99,100,16.11,RU,2020-04-05 03:00:39,0,0
224,Salinopolis,-0.61,-47.36,81.03,84,28,10.33,BR,2020-04-05 03:00:40,0,0
225,Naze,28.37,129.48,69.8,60,75,13.87,JP,2020-04-05 03:08:46,0,0
226,Farafangana,-22.82,47.83,73.22,72,95,3.06,MG,2020-04-05 03:00:41,0,0
227,Ayan,56.45,138.17,24.8,91,99,6.6,RU,2020-04-05 03:00:42,0,0
228,Kabwe,-14.45,28.45,56.48,67,0,3.51,ZM,2020-04-05 03:00:42,0,0
229,Takaka,-40.85,172.8,69.01,75,61,5.01,NZ,2020-04-05 03:00:42,0,0
230,Grindavik,63.84,-22.43,26.6,92,90,28.86,IS,2020-04-05 03:08:47,0,0
231,Pangnirtung,66.15,-65.71,10.11,72,40,7.61,CA,2020-04-05 03:00:44,0,0
232,Joshimath,30.57,79.57,55.04,15,0,2.55,IN,2020-04-05 03:00:44,0,0
233,Mezen,65.85,44.24,17.56,96,31,8.08,RU,2020-04-05 03:08:48,0,0
234,Oranjemund,-28.55,16.43,61.52,88,83,3.83,NA,2020-04-05 02:56:30,0,0
235,Linjiang,41.81,126.91,43.57,40,0,6.71,CN,2020-04-05 03:00:47,0,0
236,Tiznit,29.58,-9.5,57.38,59,7,2.77,MA,2020-04-05 03:08:48,0,0
237,Kidal,18.44,1.41,77.7,13,0,8.77,ML,2020-04-05 03:00:47,0,0
238,Lithakia,37.72,20.83,53.6,76,75,9.17,GR,2020-04-05 03:00:48,0,0
239,Adrar,20.5,-10.07,71.69,20,0,9.91,MR,2020-04-05 03:00:48,0,0
240,Huarmey,-10.07,-78.15,73.47,76,49,5.3,PE,2020-04-05 03:00:48,0,0
241,Baykit,61.67,96.37,32.85,86,98,8.66,RU,2020-04-05 03:00:49,0,0
242,Umarkot,25.36,69.74,86.72,22,41,6.76,PK,2020-04-05 03:00:53,0,0
243,Nemuro,43.32,145.57,39.2,100,75,4.7,JP,2020-04-05 03:08:50,0,0
244,Puerto Gaitan,4.31,-72.08,84.42,60,87,2.44,CO,2020-04-05 03:00:50,0.61,0
245,Half Moon Bay,37.46,-122.43,55.99,93,90,4.7,US,2020-04-05 02:56:21,0,0
246,Barguzin,53.62,109.62,35.33,63,36,3.78,RU,2020-04-05 03:00:54,0,0
247,San Cristobal,7.77,-72.22,70.12,64,88,1.32,VE,2020-04-05 03:08:51,2.44,0
248,Samarai,-10.62,150.67,84.7,63,47,14.23,PG,2020-04-05 03:00:56,0,0
249,Ancud,-41.87,-73.82,48.2,93,90,6.93,CL,2020-04-05 03:08:51,0,0
250,Narsaq,60.92,-46.05,24.8,49,100,48.32,GL,2020-04-05 03:08:51,0,0
251,Bowling Green,36.99,-86.44,66.2,63,90,4.7,US,2020-04-05 03:00:57,0,0
252,Sebinkarahisar,40.29,38.42,38.52,41,59,5.59,TR,2020-04-05 03:00:57,0,0
253,Tual,-5.67,132.75,84.31,73,84,9.48,ID,2020-04-05 03:00:58,0.29,0
254,Port-Cartier,50.03,-66.87,28.0,100,5,3.96,CA,2020-04-05 03:08:52,0,0
255,Mandurah,-32.55,115.7,73.0,68,81,10.29,AU,2020-04-05 03:00:58,0,0
256,Alihe,50.57,123.72,47.61,35,65,5.82,CN,2020-04-05 03:00:59,0,0
257,Floro,61.6,5.03,41.0,93,100,13.87,NO,2020-04-05 03:01:00,0,0
258,Bogorodskoye,56.55,37.88,30.72,88,15,6.67,RU,2020-04-05 03:01:01,0,0
259,Saint-Pierre,-21.34,55.48,73.4,69,0,5.82,RE,2020-04-05 03:01:02,0,0
260,Kloulklubed,7.04,134.26,86.0,66,75,12.75,PW,2020-04-05 03:08:53,0,0
261,Lorengau,-2.02,147.27,83.95,74,51,9.55,PG,2020-04-05 03:08:53,1.46,0
262,Baiyin,36.56,104.21,46.4,42,84,4.47,CN,2020-04-05 03:01:04,0,0
263,Noshiro,40.2,140.02,44.6,70,75,12.75,JP,2020-04-05 03:01:04,0,0
264,Velka Bites,49.29,16.23,39.0,59,0,5.82,CZ,2020-04-05 03:01:05,0,0
265,Shenjiamen,29.96,122.3,50.36,66,100,16.35,CN,2020-04-05 03:01:06,0,0
266,Emerald,-23.53,148.17,86.0,39,0,12.75,AU,2020-04-05 03:01:06,0,0
267,Takoradi,4.88,-1.76,80.46,83,100,4.99,GH,2020-04-05 03:01:07,0.14,0
268,Kaeo,-35.1,173.78,69.01,54,42,10.0,NZ,2020-04-05 03:08:55,0,0
269,Marzuq,14.4,46.47,67.33,26,54,1.97,YE,2020-04-05 03:01:08,0,0
270,Jadu,31.95,12.03,45.9,69,0,1.59,LY,2020-04-05 03:01:08,0,0
271,Puerto Leguizamo,-0.19,-74.78,74.93,87,58,0.89,CO,2020-04-05 03:01:09,0,0
272,Cockburn Town,21.46,-71.14,75.42,60,0,10.69,TC,2020-04-05 03:01:10,0,0
273,Oussouye,12.48,-16.55,73.4,78,0,2.24,SN,2020-04-05 03:01:10,0,0
274,Emba,48.83,58.14,39.61,75,7,11.39,KZ,2020-04-05 03:01:11,0,0
275,Port Elizabeth,-33.92,25.57,64.4,93,75,23.04,ZA,2020-04-05 02:58:11,0,0
276,Broken Hill,-31.95,141.43,66.2,45,0,14.99,AU,2020-04-05 03:06:12,0,0
277,Kalamare,-22.93,26.57,58.32,63,1,5.23,BW,2020-04-05 03:01:12,0,0
278,Beinamar,8.67,15.38,82.45,45,53,4.29,TD,2020-04-05 03:08:57,0,0
279,Khatanga,71.97,102.5,28.42,98,100,9.91,RU,2020-04-05 03:01:14,0,0.57
280,Povenets,62.85,34.83,21.31,96,35,5.68,RU,2020-04-05 02:59:52,0,0
281,Hasaki,35.73,140.83,54.0,62,75,16.11,JP,2020-04-05 03:01:14,0,0
282,Kalmunai,7.42,81.82,84.25,71,84,6.04,LK,2020-04-05 03:08:57,0,0
283,Havre-Saint-Pierre,50.23,-63.6,30.2,92,90,2.24,CA,2020-04-05 03:01:14,0,0
284,Rio Gallegos,-51.62,-69.22,44.6,70,75,18.34,AR,2020-04-05 03:08:58,0,0
285,Athabasca,54.72,-113.29,12.56,90,56,4.9,CA,2020-04-05 02:59:36,0,0
286,Pouembout,-21.13,164.9,83.55,66,15,13.44,NC,2020-04-05 03:01:15,0.11,0
287,Turukhansk,65.82,87.98,32.88,94,100,18.34,RU,2020-04-05 03:01:16,0,0
288,Kiruna,67.86,20.23,10.4,72,0,6.93,SE,2020-04-05 03:01:16,0,0
289,Codrington,-38.27,141.97,60.91,64,84,22.06,AU,2020-04-05 03:08:59,0.44,0
290,Isangel,-19.55,169.27,80.55,81,100,17.65,VU,2020-04-05 03:08:59,0.3,0
291,Vardo,70.37,31.11,30.15,91,100,12.71,NO,2020-04-05 03:08:59,0,0.86
292,Umm Lajj,25.02,37.27,81.18,43,0,3.02,SA,2020-04-05 03:01:17,0,0
293,Avila,40.58,-5.0,42.8,81,79,4.7,ES,2020-04-05 03:01:17,0,0
294,Tateyama,34.98,139.87,62.01,67,20,3.36,JP,2020-04-05 03:01:17,0,0
295,Edd,13.93,41.69,84.22,55,12,13.29,ER,2020-04-05 03:01:18,0,0
296,Sobolevo,54.43,31.9,31.19,89,12,11.05,RU,2020-04-05 03:01:18,0,0
297,Constitucion,-35.33,-72.42,55.94,57,30,8.3,CL,2020-04-05 03:01:19,0,0
298,Bendigo,-36.77,144.28,62.01,65,97,5.99,AU,2020-04-05 03:00:54,0.48,0
299,Aklavik,68.22,-135.01,24.8,53,5,8.05,CA,2020-04-05 03:09:01,0,0
300,Pacifica,37.61,-122.49,55.99,93,90,11.41,US,2020-04-05 03:01:20,0,0
301,Morwell,-38.23,146.4,55.0,89,84,5.01,AU,2020-04-05 03:01:22,5.24,0
302,Kahului,20.89,-156.47,84.2,62,40,14.99,US,2020-04-05 03:05:29,0,0
303,Puma,-5.0,34.73,59.45,65,67,5.14,TZ,2020-04-05 03:01:22,0,0
304,Yucaipa,34.03,-117.04,62.6,55,75,12.75,US,2020-04-05 02:57:59,0,0
305,Tuktoyaktuk,69.45,-133.04,14.0,72,5,13.87,CA,2020-04-05 03:01:23,0,0
306,Mehamn,71.04,27.85,28.29,91,100,19.89,NO,2020-04-05 03:01:23,0,0.45
307,Whitehorse,60.72,-135.05,33.8,37,75,2.24,CA,2020-04-05 02:58:53,0,0
308,Sioux Lookout,50.1,-91.92,26.6,85,20,4.21,CA,2020-04-05 03:01:23,0,0
309,Yining,29.04,114.56,59.88,64,100,3.42,CN,2020-04-05 03:01:24,0,0
310,San-Pedro,4.75,-6.64,80.58,83,10,4.94,CI,2020-04-05 03:01:24,0,0
311,Arkhangelskaya,45.68,40.28,43.41,60,100,4.47,RU,2020-04-05 03:01:24,0,0
312,Chillicothe,39.33,-82.98,62.01,76,90,3.42,US,2020-04-05 02:58:45,0,0
313,Ampanihy,-24.7,44.75,68.2,77,100,9.28,MG,2020-04-05 02:57:39,0,0
314,Ambilobe,-13.2,49.05,72.81,89,1,3.04,MG,2020-04-05 03:09:04,0,0
315,Bien Hoa,10.95,106.82,91.4,43,65,11.41,VN,2020-04-05 02:58:16,0,0
316,Honiara,-9.43,159.95,91.4,63,75,18.34,SB,2020-04-05 03:01:05,0,0
317,Wajid,3.81,43.25,76.93,68,8,13.87,SO,2020-04-05 03:01:27,0,0
318,Olafsvik,64.89,-23.71,24.82,92,100,55.83,IS,2020-04-05 03:09:05,0,0
319,Moose Factory,51.26,-80.61,32.0,97,90,8.05,CA,2020-04-05 03:01:28,0,0
320,Trofors,65.53,13.41,30.2,74,95,5.82,NO,2020-04-05 03:01:28,0,0.35
321,Galle,6.04,80.22,82.22,77,96,7.74,LK,2020-04-05 03:01:28,0,0
322,Necochea,-38.55,-58.74,54.0,84,20,3.0,AR,2020-04-05 03:01:29,0,0
323,Aswan,24.09,32.91,70.03,24,0,5.55,EG,2020-04-05 03:01:30,0,0
324,Darnah,32.77,22.64,60.04,70,69,27.04,LY,2020-04-05 03:01:31,0.11,0
325,El Alto,-4.27,-81.21,73.65,74,67,4.41,PE,2020-04-05 03:01:31,0,0
326,Portel,-1.94,-50.82,76.21,96,98,2.15,BR,2020-04-05 03:01:31,0,0
327,Asau,46.43,26.4,44.6,52,83,10.29,RO,2020-04-05 03:01:31,0,0
328,Mirpur Sakro,24.55,67.63,77.0,61,96,10.49,PK,2020-04-05 03:01:32,0,0
329,Debre Birhan,9.68,39.53,48.13,39,45,4.34,ET,2020-04-05 03:01:32,0,0
330,Sorkjosen,69.8,20.93,22.35,86,86,15.46,NO,2020-04-05 03:01:33,0,0.3
331,Meulaboh,4.14,96.13,84.24,69,95,6.08,ID,2020-04-05 03:01:33,0,0
332,Kangaatsiaq,68.31,-53.46,13.06,87,0,23.53,GL,2020-04-05 03:01:33,0,0
333,Cairns,-16.92,145.77,90.0,74,8,10.29,AU,2020-04-05 02:59:14,0,0
334,Longyearbyen,78.22,15.64,1.4,70,20,2.24,SJ,2020-04-05 03:01:33,0,0
335,Manacapuru,-3.3,-60.62,77.0,94,98,1.83,BR,2020-04-05 03:01:34,0.31,0
336,Baruun-Urt,46.68,113.28,52.95,24,10,5.5,MN,2020-04-05 03:01:34,0,0
337,Caravelas,-17.71,-39.25,78.75,83,99,12.57,BR,2020-04-05 03:09:10,0.71,0
338,Iberia,29.95,-91.75,62.6,93,75,5.82,US,2020-04-05 03:01:35,0,0
339,Gondanglegi,-7.75,112.01,86.09,73,83,7.96,ID,2020-04-05 03:01:35,0.12,0
340,Saint George,37.1,-113.58,68.0,22,1,8.05,US,2020-04-05 03:01:36,0,0
341,Boundiali,9.52,-6.49,81.14,60,36,8.88,CI,2020-04-05 03:01:36,0,0
342,Srandakan,-7.94,110.25,84.76,69,82,2.71,ID,2020-04-05 03:01:36,0,0
343,Sao Felix Do Xingu,-6.64,-51.99,74.68,88,99,0.83,BR,2020-04-05 03:01:38,0,0
344,Laramie,41.31,-105.59,46.4,32,1,12.75,US,2020-04-05 03:01:04,0,0
345,Pacific Grove,36.62,-121.92,57.2,82,90,9.17,US,2020-04-05 03:08:41,0,0
346,Redwater,33.36,-94.25,57.0,100,90,4.7,US,2020-04-05 03:01:39,0,0
347,Markala,13.7,-6.07,80.29,14,0,5.64,ML,2020-04-05 03:01:39,0,0
348,Fenoarivo,-18.93,47.44,59.0,87,20,6.93,MG,2020-04-05 03:01:39,0,0
349,Beitbridge,-22.22,30.0,64.9,77,64,5.37,ZW,2020-04-05 03:01:39,0,0
350,Wageningen,51.97,5.67,46.0,69,2,4.7,NL,2020-04-05 03:01:40,0,0
351,Deputatskiy,69.3,139.9,8.96,88,100,3.69,RU,2020-04-05 03:01:40,0,0
352,Shaunavon,49.65,-108.42,18.09,86,18,2.57,CA,2020-04-05 03:01:40,0,0
353,Nyurba,63.28,118.33,24.17,94,16,9.78,RU,2020-04-05 03:01:41,0,0
354,Beringovskiy,63.05,179.32,6.15,93,100,26.8,RU,2020-04-05 03:09:13,0,0.58
355,Balabac,7.99,117.06,86.45,67,0,14.27,PH,2020-04-05 03:01:42,0,0
356,Te Anau,-45.42,167.72,63.07,55,100,6.4,NZ,2020-04-05 03:09:14,0,0
357,Saint Anthony,45.02,-93.22,37.99,51,1,4.74,US,2020-04-05 03:01:08,0,0
358,Malakal,9.53,31.66,83.17,36,61,1.97,SS,2020-04-05 03:01:42,0,0
359,Siderno,38.28,16.3,57.99,71,5,4.7,IT,2020-04-05 03:01:42,0,0
360,Dukat,62.55,155.55,12.76,81,7,8.52,RU,2020-04-05 03:01:43,0,0
361,Urumqi,43.8,87.6,60.8,17,35,6.71,CN,2020-04-05 03:01:43,0,0
362,Jinchang,38.5,102.17,52.02,20,100,4.68,CN,2020-04-05 03:01:43,0,0
363,Lalmohan,22.34,90.74,82.87,71,0,3.47,BD,2020-04-05 03:01:43,0,0
364,Acarau,-2.89,-40.12,77.23,91,97,4.14,BR,2020-04-05 03:01:43,0.88,0
365,Michigan City,41.71,-86.89,39.0,100,1,9.22,US,2020-04-05 02:57:11,0,0
366,Kangundo,-1.3,37.35,64.4,93,75,4.7,KE,2020-04-05 03:01:44,0,0
367,Sao Filipe,14.9,-24.5,71.91,78,0,15.46,CV,2020-04-05 03:01:44,0,0
368,Chapais,49.78,-74.85,41.0,65,90,5.82,CA,2020-04-05 03:08:41,0,0
369,Kutum,14.2,24.67,69.17,14,93,7.99,SD,2020-04-05 03:01:46,0,0
370,Arman,59.7,150.17,20.19,94,97,8.86,RU,2020-04-05 03:01:46,0,0
371,Tura,25.52,90.22,86.81,17,0,2.44,IN,2020-04-05 03:09:16,0,0
372,Utete,-7.99,38.76,72.27,96,6,2.26,TZ,2020-04-05 03:01:46,0.35,0
373,The Valley,18.22,-63.06,79.0,74,0,2.24,AI,2020-04-05 03:09:17,0,0
374,Ashland,40.82,-82.27,57.0,71,90,2.84,US,2020-04-05 03:01:47,0,0
375,Toktogul,41.87,72.94,56.14,26,100,0.58,KG,2020-04-05 03:01:47,0,0
376,Sao Miguel Do Araguaia,-13.28,-50.16,75.02,72,0,2.21,BR,2020-04-05 03:01:47,0,0
377,Luderitz,-26.65,15.16,57.2,93,45,9.17,NA,2020-04-05 03:01:47,0,0
378,Talnakh,69.49,88.4,32.0,92,100,26.84,RU,2020-04-05 03:01:48,0,1.84
379,Haines Junction,60.75,-137.51,27.61,78,95,1.21,CA,2020-04-05 03:09:18,0,0
380,Maracacume,-2.04,-45.96,74.89,96,97,1.19,BR,2020-04-05 03:01:48,0,0
381,Arona,28.1,-16.68,66.99,82,20,4.7,ES,2020-04-05 03:01:49,0,0
382,Mount Pleasant,32.79,-79.86,62.01,100,1,7.38,US,2020-04-05 03:01:49,0,0
383,Mantena,-18.78,-40.98,69.8,78,99,3.58,BR,2020-04-05 03:01:49,0,0
384,Iqaluit,63.75,-68.51,-4.0,76,5,21.92,CA,2020-04-05 03:01:49,0,0
385,Enshi,30.3,109.48,61.3,47,100,1.45,CN,2020-04-05 03:01:50,0,0
386,Moyobamba,-6.05,-76.97,67.17,74,72,1.32,PE,2020-04-05 03:01:50,0.36,0
387,Itatskiy,56.07,89.04,36.86,69,0,11.05,RU,2020-04-05 03:01:51,0,0
388,Dosso,13.05,3.19,85.3,12,100,7.43,NE,2020-04-05 03:01:51,0,0
389,Kharan,28.58,65.42,75.02,23,12,3.15,PK,2020-04-05 03:00:58,0,0
390,Skibbereen,51.55,-9.27,48.2,81,75,18.34,IE,2020-04-05 03:09:20,0,0
391,Suntar,62.14,117.63,26.4,93,98,11.03,RU,2020-04-05 03:01:52,0,0
392,Bluefields,12.01,-83.76,75.65,81,0,6.62,NI,2020-04-05 03:01:52,0,0
393,Cabinda,-5.55,12.2,80.92,85,100,8.16,AO,2020-04-05 03:01:52,2.42,0
394,Walvis Bay,-22.96,14.51,60.01,93,0,2.24,NA,2020-04-05 03:01:53,0,0
395,Songjianghe,42.19,127.48,37.62,44,0,8.61,CN,2020-04-05 03:01:53,0,0
396,Roebourne,-20.78,117.13,88.97,41,90,3.98,AU,2020-04-05 03:01:54,0,0
397,Kuraymah,18.55,31.85,73.38,15,0,9.84,SD,2020-04-05 03:01:54,0,0
398,Krasnoselkup,65.7,82.47,33.31,94,100,21.25,RU,2020-04-05 03:09:22,0,0
399,Tiksi,71.69,128.87,9.86,90,100,13.98,RU,2020-04-05 03:01:54,0,0
400,Dalmau,26.07,81.03,84.79,14,0,3.87,IN,2020-04-05 03:01:55,0,0
401,Saldanha,-33.01,17.94,57.2,93,81,6.93,ZA,2020-04-05 03:01:55,0,0
402,Whitianga,-36.83,175.7,73.99,53,31,4.0,NZ,2020-04-05 03:01:55,0,0
403,Eyl,7.98,49.82,80.13,74,88,11.5,SO,2020-04-05 03:01:56,0,0
404,Arlit,18.74,7.39,81.68,11,0,9.51,NE,2020-04-05 03:01:56,0,0
405,Daru,-9.08,143.21,86.41,62,0,6.33,PG,2020-04-05 03:01:56,0,0
406,Karaton,-6.34,106.1,87.8,66,40,3.36,ID,2020-04-05 03:01:57,0,0
407,Valparaiso,-33.04,-71.63,55.4,93,40,5.08,CL,2020-04-05 03:08:38,0,0
408,Serowe,-22.38,26.72,58.66,65,8,2.44,BW,2020-04-05 03:01:57,0,0
409,Sola,-13.88,167.55,78.8,94,90,32.61,VU,2020-04-05 03:01:58,0,0
410,Algeciras,36.13,-5.45,60.8,87,98,20.8,ES,2020-04-05 03:01:58,0,0
411,Talakan,50.32,130.37,40.71,55,0,5.08,RU,2020-04-05 03:01:58,0,0
412,Ketchikan,55.34,-131.65,42.8,45,1,17.22,US,2020-04-05 03:01:58,0,0
413,Kimbe,-5.55,150.14,84.81,72,27,3.71,PG,2020-04-05 03:01:59,1.87,0
414,Ulladulla,-35.35,150.47,71.01,37,10,24.16,AU,2020-04-05 03:01:59,0,0
415,Muros,42.78,-9.06,62.01,62,75,19.46,ES,2020-04-05 03:01:59,0,0
416,Rafaela,-31.25,-61.49,64.99,53,49,1.01,AR,2020-04-05 03:02:00,0,0
417,Alta Floresta,-9.88,-56.09,73.0,85,63,2.26,BR,2020-04-05 03:02:00,0,0
418,Victor Harbor,-35.57,138.62,66.2,59,75,17.22,AU,2020-04-05 03:02:00,0,0
419,Nova Venecia,-18.71,-40.4,73.36,79,100,4.12,BR,2020-04-05 03:02:01,0,0
420,Rio Cuarto,-33.13,-64.35,62.6,72,92,9.17,AR,2020-04-05 03:02:01,0,0
421,Saint-Georges,12.06,-61.75,80.6,83,20,11.41,GD,2020-04-05 02:59:00,0,0
422,Chenzhou,25.8,113.03,55.96,84,100,2.33,CN,2020-04-05 03:02:01,1.94,0
423,Grand Gaube,-20.01,57.66,77.0,78,40,3.36,MU,2020-04-05 03:02:01,0,0
424,Chicama,-7.84,-79.15,74.52,70,27,5.06,PE,2020-04-05 03:09:27,0,0
425,Imbituba,-28.24,-48.67,68.0,68,30,5.82,BR,2020-04-05 03:02:02,0,0
426,Ossora,59.24,163.07,20.1,91,13,9.75,RU,2020-04-05 03:02:02,0,0
427,Flinders,-34.58,150.86,73.99,37,17,24.16,AU,2020-04-05 03:02:02,0,0
428,Coquimbo,-29.95,-71.34,59.0,87,100,3.36,CL,2020-04-05 03:02:03,0,0
429,Morwa,22.9,73.83,87.46,12,0,8.5,IN,2020-04-05 03:02:03,0,0
430,Kruisfontein,-34.0,24.73,61.88,83,81,8.39,ZA,2020-04-05 03:02:04,0,0
431,Chalchihuites,23.48,-103.88,57.74,14,93,8.68,MX,2020-04-05 03:02:04,0,0
432,Krasnoyarskiy,51.97,59.9,36.43,87,99,9.98,RU,2020-04-05 03:02:05,0.39,0
433,Ornskoldsvik,63.29,18.72,23.0,67,0,6.93,SE,2020-04-05 03:02:05,0,0
434,Port Blair,11.67,92.75,82.67,69,1,9.89,IN,2020-04-05 03:02:05,0,0
435,Dire,12.28,-10.97,80.28,18,0,1.48,ML,2020-04-05 03:02:06,0,0
436,Abalak,58.13,68.59,36.77,88,100,10.11,RU,2020-04-05 03:02:06,0,0
437,Saguday,16.54,121.56,88.68,48,60,2.55,PH,2020-04-05 03:02:06,0,0
438,Paramonga,-10.67,-77.83,73.4,75,21,7.02,PE,2020-04-05 03:02:07,0,0
439,Paramirim,-13.44,-42.24,73.2,59,0,0.72,BR,2020-04-05 03:02:07,0,0
440,Srisailam,16.08,78.87,85.21,35,28,5.39,IN,2020-04-05 03:02:07,0,0
441,Tessalit,20.2,1.01,73.53,14,0,4.88,ML,2020-04-05 03:09:31,0,0
442,Gadarwara,22.92,78.78,85.48,28,0,8.14,IN,2020-04-05 03:02:07,0,0
443,Llanes,43.42,-4.75,64.0,60,100,11.99,ES,2020-04-05 03:02:08,0,0
444,Kiunga,-6.12,141.29,90.75,62,9,1.14,PG,2020-04-05 03:02:08,3.17,0
445,Dingle,11.0,122.67,87.37,52,5,12.44,PH,2020-04-05 03:02:08,0,0
446,Manta,-0.95,-80.73,78.8,78,40,2.24,EC,2020-04-05 03:02:08,0,0
447,Cabo San Lucas,22.89,-109.91,75.2,36,75,8.05,MX,2020-04-05 03:00:00,0,0
448,Alice Springs,-23.7,133.88,71.6,30,0,12.75,AU,2020-04-05 03:02:09,0,0
449,Izberbash,42.57,47.86,35.6,100,4,6.71,RU,2020-04-05 03:02:09,0,0
450,Marfino,55.7,37.38,37.0,79,45,6.71,RU,2020-04-05 03:02:09,0,0
451,Coremas,-7.01,-37.95,75.97,84,100,3.09,BR,2020-04-05 03:02:10,0.51,0
452,Nisporeni,47.08,28.18,42.8,41,29,5.82,MD,2020-04-05 03:02:10,0,0
453,Hanyang,32.14,105.51,61.0,61,97,2.73,CN,2020-04-05 03:02:10,0,0
454,Manzhouli,49.6,117.43,49.15,30,5,8.86,CN,2020-04-05 03:02:10,0,0
455,Petauke,-14.24,31.33,59.43,72,16,3.02,ZM,2020-04-05 03:02:10,0,0
456,Cali,3.44,-76.52,77.0,73,20,13.87,CO,2020-04-05 02:57:12,0,0
457,Beaverlodge,55.22,-119.44,15.8,56,75,10.29,CA,2020-04-05 03:02:11,0,0
458,Port-Gentil,-0.72,8.78,77.2,89,95,10.51,GA,2020-04-05 03:02:11,0,0
459,Chake Chake,-5.25,39.77,84.25,69,0,7.61,TZ,2020-04-05 03:02:12,1.28,0
460,Howard Springs,-12.5,131.05,78.8,100,75,1.28,AU,2020-04-05 03:02:12,0,0
461,Port Hedland,-20.32,118.57,91.4,52,100,5.82,AU,2020-04-05 02:58:50,0,0
462,Ouro Preto Do Oeste,-10.75,-62.22,73.92,87,99,2.33,BR,2020-04-05 02:58:59,0,0
463,Pointe Michel,15.25,-61.38,78.98,78,29,5.21,DM,2020-04-05 03:02:13,0,0
464,Ode,7.79,5.71,73.11,76,94,10.29,NG,2020-04-05 03:02:14,0,0
465,Abu Zabad,12.35,29.25,74.12,13,45,11.81,SD,2020-04-05 03:02:14,0,0
466,Noumea,-22.28,166.46,89.6,46,30,11.41,NC,2020-04-05 02:57:46,0.18,0
467,Yenagoa,4.92,6.26,76.37,90,100,0.47,NG,2020-04-05 03:02:15,0,0
468,Liverpool,53.41,-2.98,48.2,66,0,9.17,GB,2020-04-05 03:01:43,0,0
469,Sao Joao Da Barra,-21.64,-41.05,73.83,76,74,10.27,BR,2020-04-05 03:09:37,0,0
470,Santa Fe,-31.63,-60.7,66.99,74,0,1.99,AR,2020-04-05 03:02:17,0,0
471,Ilhabela,-23.78,-45.36,72.0,72,43,2.35,BR,2020-04-05 03:02:18,0,0
472,Kathmandu,27.72,85.32,62.6,59,20,2.24,NP,2020-04-05 03:01:05,0,0
473,Madimba,-10.4,40.33,75.2,94,20,6.67,TZ,2020-04-05 03:02:19,0,0
474,Batagay-Alyta,67.8,130.41,19.76,89,100,3.91,RU,2020-04-05 03:02:19,0,0.42
475,Buala,-8.14,159.59,86.14,69,18,14.94,SB,2020-04-05 03:02:19,0,0
476,Fairhope,30.52,-87.9,70.0,88,90,6.82,US,2020-04-05 02:57:50,0,0
477,Brasilia,-15.78,-47.93,75.2,78,75,3.36,BR,2020-04-05 03:09:17,0,0
478,Rurrenabaque,-14.44,-67.53,74.35,83,81,0.72,BO,2020-04-05 03:02:21,0,0
479,Lappeenranta,61.06,28.19,28.99,68,0,9.17,FI,2020-04-05 03:02:21,0,0
480,Newala,-10.94,39.28,63.05,90,35,1.39,TZ,2020-04-05 03:02:22,0,0
481,Rodrigues Alves,-7.74,-72.65,74.52,90,79,1.36,BR,2020-04-05 03:02:22,0.28,0
482,Kadaya,50.93,119.29,45.99,34,52,6.44,RU,2020-04-05 03:02:23,0,0
483,Las Vegas,36.17,-115.14,71.6,18,1,17.22,US,2020-04-05 03:02:11,0,0
484,Kamenka,51.32,42.77,35.01,65,6,3.0,RU,2020-04-05 03:02:23,0,0
485,Muroto,33.28,134.15,57.2,33,20,21.92,JP,2020-04-05 03:02:24,0,0
486,Mlalo,-4.93,38.93,74.44,85,10,3.04,TZ,2020-04-05 03:02:24,3,0
487,Bambous Virieux,-20.34,57.76,77.0,78,40,3.36,MU,2020-04-05 03:02:25,0,0
488,Sisimiut,66.94,-53.67,14.49,77,0,6.38,GL,2020-04-05 03:02:25,0,0
489,Muzhi,65.37,64.67,33.96,96,97,7.99,RU,2020-04-05 03:02:25,0,0
490,Jackson,42.42,-122.83,48.2,76,90,2.39,US,2020-04-05 03:02:27,0,0
491,Elizabeth City,36.29,-76.25,48.2,81,1,8.05,US,2020-04-05 03:02:29,0,0
492,Novoagansk,61.94,76.66,32.25,92,100,16.8,RU,2020-04-05 03:02:29,0,0
493,Tauranga,-37.69,176.17,68.0,52,14,1.99,NZ,2020-04-05 03:02:30,0,0
494,Shangzhi,45.22,127.97,43.45,50,0,8.9,CN,2020-04-05 03:00:56,0,0
495,Isiro,2.77,27.62,67.08,79,92,1.9,CD,2020-04-05 03:02:31,0.24,0
496,Vega De Alatorre,20.03,-96.63,79.54,84,99,4.7,MX,2020-04-05 03:02:31,0.12,0
497,Cap Malheureux,-19.98,57.61,77.0,78,40,3.36,MU,2020-04-05 03:02:32,0,0
498,Barcelos,41.54,-8.62,59.0,82,40,23.04,PT,2020-04-05 03:02:32,0,0
499,Isla Mujeres,21.23,-86.73,78.8,74,20,8.05,MX,2020-04-05 03:02:35,0,0
500,Mecca,21.43,39.83,75.27,44,0,1.72,SA,2020-04-05 02:59:55,0,0
501,Road Town,18.42,-64.62,80.6,69,1,3.22,VG,2020-04-05 03:00:08,0,0
502,Honningsvag,70.98,25.97,30.78,87,100,21.39,NO,2020-04-05 03:02:36,0,0
503,Rangapara,26.82,92.65,86.07,27,0,5.01,IN,2020-04-05 03:02:36,0,0
504,Nyrob,60.73,56.72,34.0,92,97,5.3,RU,2020-04-05 03:02:37,0,0
505,Oleksandrivka,48.96,32.23,37.53,68,0,4.68,UA,2020-04-05 03:02:37,0,0
506,Sunnyside,46.32,-120.01,52.0,39,90,5.82,US,2020-04-05 03:02:37,0,0
507,Vilhena,-12.74,-60.15,71.73,79,97,1.52,BR,2020-04-05 03:02:37,0,0
508,Mount Isa,-20.73,139.5,80.6,22,40,10.29,AU,2020-04-05 03:02:38,0,0
509,Basoko,1.24,23.62,71.06,87,41,2.55,CD,2020-04-05 03:02:38,2.06,0
510,Manggar,-2.88,108.27,87.21,62,33,4.16,ID,2020-04-05 03:02:38,1.56,0
511,Svetlogorsk,52.63,29.73,31.93,88,0,8.19,BY,2020-04-05 03:02:38,0,0
512,Roswell,34.02,-84.36,66.99,51,75,0.81,US,2020-04-05 03:02:38,0,0
513,Nizwa,22.93,57.53,80.58,29,91,2.08,OM,2020-04-05 03:02:38,0,0
514,Byron Bay,-28.65,153.62,79.0,53,38,12.75,AU,2020-04-05 03:00:35,0,0
515,El Centro,32.79,-115.56,78.8,33,1,19.46,US,2020-04-05 03:00:40,0,0
516,Graaff-Reinet,-32.25,24.53,73.0,55,9,5.99,ZA,2020-04-05 03:02:40,0,0
517,Gastonia,35.26,-81.19,66.2,62,75,1.12,US,2020-04-05 03:02:40,0,0
518,Cabedelo,-6.98,-34.83,78.8,100,20,7.65,BR,2020-04-05 03:00:10,0,0
519,Aykhal,66.0,111.5,24.8,79,90,11.18,RU,2020-04-05 03:02:41,0,0
520,Thabazimbi,-24.59,27.41,54.0,98,0,0.27,ZA,2020-04-05 03:02:42,0,0
521,Vostok,46.49,135.88,29.16,77,100,5.12,RU,2020-04-05 03:02:42,0,1.81
522,Sao Gabriel Da Cachoeira,-0.13,-67.09,75.2,94,100,0.89,BR,2020-04-05 03:02:44,1.45,0
523,Salisbury,51.07,-1.8,51.01,81,0,11.41,GB,2020-04-05 03:02:44,0,0
524,Verin,41.94,-7.44,50.0,57,91,8.95,ES,2020-04-05 03:02:45,0,0
525,Shache,38.42,77.24,60.21,19,0,3.58,CN,2020-04-05 03:02:46,0,0
526,Lakselv,70.05,24.97,19.4,62,35,32.21,NO,2020-04-05 03:02:47,0,0
527,Pangody,65.85,74.49,34.29,97,100,17.0,RU,2020-04-05 02:58:29,0,0
528,Bida,9.08,6.02,81.48,63,100,5.57,NG,2020-04-05 03:01:00,0.17,0
529,Upata,8.01,-62.4,75.88,68,37,8.77,VE,2020-04-05 03:02:50,0,0
530,Krasnovishersk,60.41,57.08,34.14,92,100,4.54,RU,2020-04-05 03:02:51,0,0
531,Laguna,38.42,-121.42,55.99,81,90,11.41,US,2020-04-05 02:58:09,0,0
532,Key West,24.56,-81.78,78.8,61,1,9.17,US,2020-04-05 03:00:04,0,0
533,Zhangye,38.93,100.45,55.62,19,73,2.04,CN,2020-04-05 03:02:53,0,0
534,Kwinana,-32.25,115.77,73.4,68,92,10.29,AU,2020-04-05 03:02:53,0,0
535,Czestochowa,50.8,19.12,37.0,67,0,1.01,PL,2020-04-05 03:02:54,0,0
536,Zaysan,47.47,84.87,49.96,36,1,2.98,KZ,2020-04-05 03:02:55,0,0
537,Oudtshoorn,-33.59,22.2,62.6,88,0,4.7,ZA,2020-04-05 03:02:57,0,0
538,Tuyen Quang,21.82,105.22,65.19,79,100,1.36,VN,2020-04-05 02:59:21,0.24,0
539,Doha,25.29,51.53,77.0,36,14,9.17,QA,2020-04-05 03:00:16,0,0
540,Lompoc,34.64,-120.46,59.0,76,8,9.17,US,2020-04-05 03:03:00,0,0
541,Mamburao,13.25,120.67,82.33,59,5,6.78,PH,2020-04-05 03:03:00,0,0
542,Lobito,-12.35,13.55,79.03,83,78,3.71,AO,2020-04-05 03:03:02,0.17,0
543,Maxixe,-23.86,35.35,72.07,76,18,3.15,MZ,2020-04-05 03:03:02,0,0
544,Ukiah,39.15,-123.21,53.01,81,75,4.7,US,2020-04-05 03:03:02,0,0
545,Pisco,-13.7,-76.22,71.6,83,1,6.93,PE,2020-04-05 03:03:03,0,0
546,Okahandja,-21.98,16.92,64.4,68,17,2.24,NA,2020-04-05 03:03:04,0,0
547,Portland,45.52,-122.68,48.0,87,90,3.36,US,2020-04-05 02:58:32,0,0
548,Zalantun,48.0,122.72,44.01,70,15,3.0,CN,2020-04-05 03:03:05,0,0
549,Kulhudhuffushi,6.62,73.07,84.04,69,100,5.55,MV,2020-04-05 03:03:06,0,0
550,Banikoara,11.3,2.44,82.42,57,100,7.92,BJ,2020-04-05 03:03:06,0,0
551,Katherine,-14.47,132.27,93.2,46,65,10.29,AU,2020-04-05 03:03:06,0,0
552,Lindsay,36.2,-119.09,66.2,45,40,3.47,US,2020-04-05 03:03:07,0,0
553,Zelenoborskiy,66.84,32.36,14.83,90,2,7.0,RU,2020-04-05 03:03:07,0,0
554,Navlya,52.83,34.5,33.8,69,64,8.95,RU,2020-04-05 03:03:07,0,0
555,Harper,4.38,-7.72,81.41,81,20,4.61,LR,2020-04-05 02:59:46,0,0
556,Caucaia,-3.74,-38.65,79.0,88,99,5.82,BR,2020-04-05 03:03:09,2.13,0
557,Tres Lagoas,-20.75,-51.68,68.09,64,0,4.36,BR,2020-04-05 03:01:33,0,0
558,Maposeni,-10.58,35.4,64.45,70,93,0.81,TZ,2020-04-05 03:03:10,0.17,0
559,Maceio,-9.67,-35.74,78.8,94,98,3.36,BR,2020-04-05 03:02:28,0.22,0
560,Nanga Eboko,4.68,12.37,69.15,81,100,1.61,CM,2020-04-05 03:03:10,0.24,0
561,Calama,-22.47,-68.93,60.8,51,4,17.22,CL,2020-04-05 03:03:10,0,0
